{
  "session_id": "20260317_210350",
  "config": {
    "project_type": "hand_pose_sign_classifier",
    "signs": [
      "A",
      "B",
      "C",
      "L",
      "Y"
    ],
    "landmarks_per_hand": 21,
    "capture_samples_per_sign": 24,
    "train_split": 0.75,
    "live_frames": 12,
    "capture_jitter_std": 0.028,
    "live_jitter_std": 0.018,
    "low_confidence_threshold": 0.58,
    "include_confusion_matrix": true,
    "include_confidence_timeline": true,
    "max_predictions_in_report": 8,
    "random_seed": 42,
    "created_at": "2026-03-17T21:03:50Z"
  },
  "model": {
    "classifier_type": "nearest_centroid",
    "feature_dimension": 77,
    "labels": [
      "A",
      "B",
      "C",
      "L",
      "Y"
    ],
    "centroids": {
      "A": [
        0.0,
        0.0,
        0.0,
        -0.29317,
        0.2179,
        0.02245,
        -0.49676,
        0.35212,
        0.0136,
        -0.66449,
        0.50037,
        -0.01604,
        -0.75538,
        0.65031,
        -0.02847,
        -0.3898,
        0.4466,
        0.02071,
        -0.40564,
        0.57608,
        0.05972,
        -0.41951,
        0.67561,
        0.08547,
        -0.42042,
        0.77676,
        0.10679,
        -0.0942,
        0.43585,
        0.0233,
        -0.08725,
        0.55504,
        0.05305,
        -0.07482,
        0.65422,
        0.08025,
        -0.08677,
        0.77534,
        0.11287,
        0.19606,
        0.44796,
        0.02519,
        0.20204,
        0.55323,
        0.0604,
        0.19745,
        0.65735,
        0.07972,
        0.22391,
        0.76149,
        0.10852,
        0.47333,
        0.46027,
        0.0219,
        0.47369,
        0.56157,
        0.05276,
        0.4863,
        0.66951,
        0.08467,
        0.49851,
        0.7767,
        0.10349,
        0.99873,
        0.891,
        0.78972,
        0.80284,
        0.93036,
        0.63691,
        0.34639,
        0.35281,
        0.32754,
        0.33041,
        0.38562,
        0.33616,
        0.31607,
        0.28016
      ],
      "B": [
        0.0,
        0.0,
        0.0,
        -0.12017,
        0.12227,
        0.00901,
        -0.1985,
        0.19347,
        0.00651,
        -0.25554,
        0.26418,
        -0.00603,
        -0.23669,
        0.34046,
        -0.01183,
        -0.21484,
        0.38089,
        -0.00257,
        -0.2169,
        0.5761,
        -0.00015,
        -0.21379,
        0.77615,
        0.00119,
        -0.21368,
        0.97199,
        -0.00036,
        -0.04466,
        0.37602,
        -0.00018,
        -0.03667,
        0.57253,
        -0.0015,
        -0.03747,
        0.76871,
        -0.00294,
        -0.03859,
        0.96385,
        0.00274,
        0.10685,
        0.37375,
        0.0018,
        0.11317,
        0.56077,
        -0.00253,
        0.11301,
        0.75285,
        0.00087,
        0.11358,
        0.94686,
        0.0002,
        0.25405,
        0.3697,
        0.00052,
        0.26002,
        0.55299,
        0.00081,
        0.26238,
        0.74518,
        0.00711,
        0.26417,
        0.91693,
        0.00459,
        0.41598,
        0.99692,
        0.96578,
        0.95493,
        0.9552,
        0.24932,
        0.59282,
        0.58872,
        0.57401,
        0.54828,
        0.63346,
        0.17793,
        0.156,
        0.15596
      ],
      "C": [
        0.0,
        0.0,
        0.0,
        -0.22246,
        0.16574,
        0.01424,
        -0.4005,
        0.26066,
        0.00876,
        -0.53352,
        0.36049,
        -0.00137,
        -0.62414,
        0.48484,
        -0.02278,
        -0.30193,
        0.43164,
        0.01744,
        -0.31045,
        0.59052,
        0.02632,
        -0.33799,
        0.76266,
        0.03659,
        -0.35539,
        0.92689,
        0.04344,
        -0.06347,
        0.43016,
        0.02057,
        -0.05203,
        0.60108,
        0.02487,
        -0.05492,
        0.78928,
        0.03608,
        -0.05248,
        0.95602,
        0.04403,
        0.14469,
        0.42005,
        0.02107,
        0.15582,
        0.58863,
        0.0338,
        0.16438,
        0.76662,
        0.03716,
        0.17493,
        0.93366,
        0.04581,
        0.3506,
        0.40768,
        0.0216,
        0.37782,
        0.57037,
        0.03732,
        0.39895,
        0.72312,
        0.04843,
        0.42806,
        0.88128,
        0.05801,
        0.79197,
        0.99473,
        0.95969,
        0.95243,
        0.98254,
        0.51548,
        0.50004,
        0.52779,
        0.51665,
        0.48279,
        0.52305,
        0.30591,
        0.23173,
        0.26108
      ],
      "L": [
        0.0,
        0.0,
        0.0,
        -0.18117,
        0.11634,
        0.01446,
        -0.33205,
        0.20007,
        0.00895,
        -0.4621,
        0.28538,
        -0.00506,
        -0.56437,
        0.38021,
        -0.01582,
        -0.20052,
        0.38121,
        0.00015,
        -0.2031,
        0.58488,
        0.00296,
        -0.19396,
        0.78098,
        0.00606,
        -0.19222,
        0.97987,
        0.0017,
        -0.02894,
        0.23232,
        0.01463,
        -0.03019,
        0.28878,
        0.03159,
        -0.033,
        0.35072,
        0.0471,
        -0.02759,
        0.40051,
        0.06581,
        0.11938,
        0.23207,
        0.0193,
        0.12387,
        0.28785,
        0.03291,
        0.13004,
        0.34087,
        0.04677,
        0.13636,
        0.40106,
        0.05958,
        0.27345,
        0.23048,
        0.01718,
        0.27592,
        0.28542,
        0.03419,
        0.28885,
        0.33422,
        0.04312,
        0.29117,
        0.39334,
        0.06368,
        0.68185,
        1.0,
        0.40794,
        0.4287,
        0.49459,
        0.46735,
        0.60011,
        0.17805,
        0.17647,
        0.17184,
        0.70717,
        0.6067,
        0.16561,
        0.15728
      ],
      "Y": [
        0.0,
        0.0,
        0.0,
        -0.19638,
        0.1296,
        0.01491,
        -0.34713,
        0.20365,
        0.00677,
        -0.47463,
        0.29251,
        -0.00097,
        -0.57653,
        0.38351,
        -0.01818,
        -0.2194,
        0.24702,
        0.015,
        -0.22871,
        0.31008,
        0.03239,
        -0.22423,
        0.36577,
        0.04257,
        -0.23193,
        0.42981,
        0.05818,
        -0.03783,
        0.25777,
        0.01853,
        -0.04527,
        0.30952,
        0.03746,
        -0.03861,
        0.36525,
        0.04498,
        -0.04356,
        0.42323,
        0.06306,
        0.1065,
        0.25565,
        0.01274,
        0.11371,
        0.30899,
        0.02724,
        0.12797,
        0.36364,
        0.04984,
        0.12755,
        0.41276,
        0.06583,
        0.26104,
        0.38359,
        -0.00095,
        0.26576,
        0.5742,
        -0.00301,
        0.26632,
        0.7708,
        0.0016,
        0.27841,
        0.95865,
        0.00731,
        0.69342,
        0.49278,
        0.43121,
        0.43848,
        1.0,
        0.45932,
        0.18996,
        0.17333,
        0.16891,
        0.57702,
        0.35709,
        0.19013,
        0.17278,
        0.57059
      ]
    },
    "train_counts": {
      "A": 18,
      "B": 18,
      "C": 18,
      "L": 18,
      "Y": 18
    }
  },
  "evaluation": {
    "accuracy": 1.0,
    "per_sign_accuracy": {
      "A": 1.0,
      "B": 1.0,
      "C": 1.0,
      "L": 1.0,
      "Y": 1.0
    },
    "confusion": {
      "A": {
        "A": 6,
        "B": 0,
        "C": 0,
        "L": 0,
        "Y": 0
      },
      "B": {
        "A": 0,
        "B": 6,
        "C": 0,
        "L": 0,
        "Y": 0
      },
      "C": {
        "A": 0,
        "B": 0,
        "C": 6,
        "L": 0,
        "Y": 0
      },
      "L": {
        "A": 0,